<?xml version="1.0" encoding="utf-8"?><App xmlns="http://schemas.microsoft.com/sharepoint/2012/app/manifest" Name="chatbot-client-side-solution" ProductID="95c4fae8-7784-40d4-b8f8-c22d57b8ae79" SharePointMinVersion="16.0.0.0" IsClientSideSolution="true" Version="1.0.0.0" SkipFeatureDeployment="true" IsDomainIsolated="false"><Properties><Title>chatbot-client-side-solution</Title><DeveloperProperties>{&quot;name&quot;:&quot;&quot;,&quot;websiteUrl&quot;:&quot;&quot;,&quot;privacyUrl&quot;:&quot;&quot;,&quot;termsOfUseUrl&quot;:&quot;&quot;,&quot;mpnId&quot;:&quot;Undefined-1.16.1&quot;}</DeveloperProperties><ShortDescription><LocalizedString CultureName="default">chatbot description</LocalizedString></ShortDescription><LongDescription><LocalizedString CultureName="default">chatbot description</LocalizedString></LongDescription><Screenshots></Screenshots></Properties></App>