{
  "$schema": "https://developer.microsoft.com/json-schemas/spfx-build/spfx-serve.schema.json",
  "port": 4321,
  "https": true,
  "serveConfigurations": {
    "default": {
      "pageUrl": "https://techrunconsulting.sharepoint.com/sites/ChatBot/SitePages/Home.aspx",
      "customActions": {
        "b7d41060-cd5a-437e-9138-e53432c0fe1d": {
          "location": "ClientSideExtension.ApplicationCustomizer",
          "properties": {
            "testMessage": "Test message"
          }
        }
      }
    },
    "chatBot": {
      "pageUrl": "https://techrunconsulting.sharepoint.com/sites/ChatBot/SitePages/Home.aspx",
      "customActions": {
        "b7d41060-cd5a-437e-9138-e53432c0fe1d": {
          "location": "ClientSideExtension.ApplicationCustomizer",
          "properties": {
            "testMessage": "Test message"
          }
        }
      }
    }
  }
}
